"Key","Language","Translation"
"gpxstudio","es","Para crear y editar tus rutas, utiliza <a href=""https://gpx.studio/"" target=""_blank"">GPX Studio</a>. ¡Es gratuito!!!"
"gpxstudio","en","To create and edit your routes, use <a href=""https://gpx.studio/"" target=""_blank"">GPX Studio</a>. It's free!!!"
"gpxstudio","ca","Per crear i editar les teves rutes, utilitza <a href=""https://gpx.studio/"" target=""_blank"">GPX Studio</a>. És gratuït!!!"
"Sabías qué...","es","¿Sabías que...?"
"Sabías qué...","en","Did you know that...?"
"Sabías qué...","ca","Sabies que..."
"GPSSignal","es","La cobertura GPS puede ser limitada en zonas montañosas o bosques densos."
"GPSSignal","en","GPS coverage may be limited in mountainous areas or dense forests."
"GPSSignal","ca","La cobertura GPS pot ser limitada en zones muntanyoses o boscos densos."
"GPSSignal2","es","En áreas urbanas con edificios altos, la señal GPS puede verse afectada."
"GPSSignal2","en","In urban areas with tall buildings, the GPS signal may be affected."
"GPSSignal2","ca","En àrees urbanes amb edificis alts, el senyal GPS pot veure's afectat."
"GPSSignal3","es","Para obtener una mejor precisión, espera unos minutos después de activar el GPS."
"GPSSignal3","en","To achieve better accuracy, wait a few minutes after activating GPS."
"GPSSignal3","ca","Per obtenir una millor precisió, espera uns minuts després d'activar el GPS."
"Battery","es","Asegúrate de que tu dispositivo tenga suficiente batería antes de iniciar la ruta."
"Battery","en","Ensure your device has enough battery before starting the route."
"Battery","ca","Assegura't que el teu dispositiu tingui prou bateria abans d'iniciar la ruta."
"GPSSignal4","es","El clima puede afectar la precisión del GPS; tenlo en cuenta."
"GPSSignal4","en","Weather can affect GPS accuracy; keep this in mind."
"GPSSignal4","ca","El clima pot afectar la precisió del GPS; tingues-ho en compte."
"GPSSignal5","es","Evita confiar únicamente en el GPS; presta atención al entorno."
"GPSSignal5","en","Avoid relying solely on GPS; pay attention to your surroundings."
"GPSSignal5","ca","Evita confiar únicament en el GPS; presta atenció a l'entorn."
"GPSSignal6","es","En áreas remotas, considera llevar un dispositivo GPS dedicado."
"GPSSignal6","en","In remote areas, consider carrying a dedicated GPS device."
"GPSSignal6","ca","En zones remotes, considera portar un dispositiu GPS dedicat."
"InformToAll","es","Recuerda informar a alguien sobre tu ruta antes de salir."
"InformToAll","en","Remember to inform someone about your route before leaving."
"InformToAll","ca","Recorda informar algú sobre la teva ruta abans de sortir."
"GetWater","es","Lleva contigo equipo de emergencia y suficiente agua."
"GetWater","en","Carry emergency equipment and enough water with you."
"GetWater","ca","Porta equip d'emergència i prou aigua amb tu."
"CheckWeatherNew","es","Verifica las condiciones meteorológicas antes de iniciar tu ruta."
"CheckWeatherNew","en","Check the weather conditions before starting your route."
"CheckWeatherNew","ca","Verifica les condicions meteorològiques abans d'iniciar la teva ruta."
"SaveNature","es","Sé consciente de tu entorno y respeta la naturaleza."
"SaveNature","en","Be aware of your surroundings and respect nature."
"SaveNature","ca","Sigues conscient del teu entorn i respecta la natura."
"Settings","es","Para cambiar la configuración de la aplicación, pulsa el botón <i class='bi bi-gear-fill'></i> en la pantalla de inicio. Desde la pantalla de configuración podrás configurar el idioma."
"Settings","en","To change the application's settings, tap the <i class='bi bi-gear-fill'></i> button on the home screen. From the settings screen, you can configure the language."
"Settings","ca","Per canviar la configuració de l'aplicació, prem el botó <i class='bi bi-gear-fill'></i> a la pantalla d'inici. Des de la pantalla de configuració podràs configurar l'idioma."
"FollowRoute","es","Para seguir una ruta que ya has cargado, selecciona la opción <i class='bi bi-geo-alt-fill'></i> Seguir Ruta; podrás ver tu ubicación actual en tiempo real con un marcador <i class='bi bi-geo-alt-fill text-success'></i>. Cuando quieras parar, vuelve a apretar el botón <i class='bi bi-geo-alt-fill'></i>."
"FollowRoute","en","To follow a route you've already loaded, select the <i class='bi bi-geo-alt-fill'></i> Follow Route option; you can see your current location in real-time with a <i class='bi bi-geo-alt-fill text-success'></i> marker. When you want to stop, press the <i class='bi bi-geo-alt-fill'></i> button again."
"FollowRoute","ca","Per seguir una ruta que ja has carregat, selecciona l'opció <i class='bi bi-geo-alt-fill'></i> Seguir Ruta; podràs veure la teva ubicació actual en temps real amb un marcador <i class='bi bi-geo-alt-fill text-success'></i>. Quan vulguis parar, prem de nou el botó <i class='bi bi-geo-alt-fill'></i>."
"RecordRoute","es","Para grabar una ruta en la pantalla de inicio, selecciona la opción <i class='bi bi-record-fill text-danger'></i> Grabar Ruta. Deja abierta la app mientras recorres la ruta. Al finalizar, selecciona la opción <i class='bi bi-record-fill text-danger'></i> Grabar Ruta para guardar la ruta en tu dispositivo."
"RecordRoute","en","To record a route on the home screen, select the <i class='bi bi-record-fill text-danger'></i> Record Route option. Leave the app open while you traverse the route. At the end, select the <i class='bi bi-record-fill text-danger'></i> Record Route option to save the route to your device."
"RecordRoute","ca","Per gravar una ruta a la pantalla d'inici, selecciona l'opció <i class='bi bi-record-fill text-danger'></i> Gravar Ruta. Deixa l'app oberta mentre recorres la ruta. Al finalitzar, selecciona l'opció <i class='bi bi-record-fill text-danger'></i> Gravar Ruta per guardar la ruta al teu dispositiu."
"LoadRoute","es","Para cargar una ruta, selecciona la opción <i class='bi bi-cloud-upload-fill'></i> Cargar Ruta. En la siguiente pantalla, selecciona la opción <i class='upload_file'></i> Cargar Ruta. Aparecerá un selector de archivos; selecciona el fichero de ruta que deseas cargar. Finalmente, pulsa el botón <i class='route'></i> para visualizar la ruta en el mapa."
"LoadRoute","en","To load a route, select the <i class='bi bi-cloud-upload-fill'></i> Load Route option. Select the <i class='upload_file'></i> Load Route option. A file selector will appear; select the route file you wish to load. After loading the file, tap the <i class='route'></i> button to display the route on the map."
"LoadRoute","ca","Per carregar una ruta, selecciona l'opció <i class='bi bi-cloud-upload-fill'></i> Carregar Ruta. A la pantalla següent, selecciona l'opció <i class='upload_file'></i> Carregar Ruta. Apareixerà un selector de fitxers; selecciona el fitxer de ruta que desitges carregar. Finalment, prem el botó <i class='route'></i> per visualitzar la ruta al mapa."
"Ejecución en segundo plano","es","Ejecución en segundo plano"
"Ejecución en segundo plano","en","Background Execution"
"Ejecución en segundo plano","ca","Execució en segon pla"
"Para que Hiker funcione correctamente en segundo plano, debes permitir que no tenga restricciones de ejecución. ¿Quieres cambiar la configuración?","es","Para que Hiker funcione correctamente en segundo plano, debes permitir que no tenga restricciones de ejecución. ¿Quieres cambiar la configuración?"
"Para que Hiker funcione correctamente en segundo plano, debes permitir que no tenga restricciones de ejecución. ¿Quieres cambiar la configuración?","en","For Hiker to function properly in the background, you need to allow it to run without restrictions. Do you want to change the settings?"
"Para que Hiker funcione correctamente en segundo plano, debes permitir que no tenga restricciones de ejecución. ¿Quieres cambiar la configuración?","ca","Perquè Hiker funcioni correctament en segon pla, has de permetre que no tingui restriccions d'execució. Vols canviar la configuració?"
"Optimización de batería","es","Optimización de batería"
"Optimización de batería","en","Battery Optimization"
"Optimización de batería","ca","Optimització de bateria"
"Para mejorar el posicionamiento, debes configurar Hiker para que no tenga restricciones de batería. ¿Quieres cambiar la configuración?","es","Para mejorar el posicionamiento, debes configurar Hiker para que no tenga restricciones de batería. ¿Quieres cambiar la configuración?"
"Para mejorar el posicionamiento, debes configurar Hiker para que no tenga restricciones de batería. ¿Quieres cambiar la configuración?","en","To improve positioning, you need to configure Hiker to have no battery restrictions. Do you want to change the settings?"
"Para mejorar el posicionamiento, debes configurar Hiker para que no tenga restricciones de batería. ¿Quieres cambiar la configuración?","ca","Per millorar el posicionament, has de configurar Hiker perquè no tingui restriccions de bateria. Vols canviar la configuració?"
"Sí","es","Sí"
"Sí","en","Yes"
"Sí","ca","Sí"
"No","es","No"
"No","en","No"
"No","ca","No"
"Accu:","es","Prec:"
"Accu:","en","Accu:"
"Accu:","ca","Prec:"
"Acerca de...","es","Acerca de..."
"Acerca de...","en","About..."
"Acerca de...","ca","Sobre..."
"Esta aplicación ha sido desarrollada por sOCratic para ayudar a los usuarios a rastrear y mapear sus rutas.","es","Esta aplicación ha sido desarrollada por sOCratic para ayudar a los usuarios a rastrear y mapear sus rutas."
"Esta aplicación ha sido desarrollada por sOCratic para ayudar a los usuarios a rastrear y mapear sus rutas.","en","This application has been developed by sOCratic to help users track and map their routes."
"Esta aplicación ha sido desarrollada por sOCratic para ayudar a los usuarios a rastrear y mapear sus rutas.","ca","Aquesta aplicació ha estat desenvolupada per sOCratic per ajudar els usuaris a rastrejar i mapar les seves rutes."
"Créditos","es","Créditos"
"Créditos","en","Credits"
"Créditos","ca","Crèdits"
"se utilizan bajo sus términos de licencia. Estos iconos proporcionan un aspecto moderno y elegante a la interfaz de usuario de la aplicación.","es","Se utilizan bajo sus términos de licencia. Estos iconos proporcionan un aspecto moderno y elegante a la interfaz de usuario de la aplicación."
"se utilizan bajo sus términos de licencia. Estos iconos proporcionan un aspecto moderno y elegante a la interfaz de usuario de la aplicación.","en","Are used under their license terms. These icons provide a modern and stylish look to the app's user interface."
"se utilizan bajo sus términos de licencia. Estos iconos proporcionan un aspecto moderno y elegante a la interfaz de usuario de la aplicación.","ca","S'utilitzen sota els seus termes de llicència. Aquests icones proporcionen un aspecte modern i elegant a la interfície d'usuari de l'aplicació."
"Iconos de","es","Iconos de"
"Iconos de","en","Icons by"
"Iconos de","ca","Icones de"
"también se utilizan en esta aplicación, mejorando su usabilidad y diseño visual.","es","También se utilizan en esta aplicación, mejorando su usabilidad y diseño visual."
"también se utilizan en esta aplicación, mejorando su usabilidad y diseño visual.","en","Are also used in this app, enhancing its usability and visual design."
"también se utilizan en esta aplicación, mejorando su usabilidad y diseño visual.","ca","També s'utilitzen en aquesta aplicació, millorant la seva usabilitat i disseny visual."
"Esta aplicación utiliza datos de mapas proporcionados por","es","Esta aplicación utiliza datos de mapas proporcionados por"
"Esta aplicación utiliza datos de mapas proporcionados por","en","This app uses map data provided by"
"Esta aplicación utiliza datos de mapas proporcionados por","ca","Aquesta aplicació utilitza dades de mapes proporcionades per"
"una fuente libre y abierta de datos de mapas que es mantenida por una comunidad global de colaboradores.","es","Una fuente libre y abierta de datos de mapas que es mantenida por una comunidad global de colaboradores."
"una fuente libre y abierta de datos de mapas que es mantenida por una comunidad global de colaboradores.","en","A free and open source of map data maintained by a global community of contributors."
"una fuente libre y abierta de datos de mapas que es mantenida por una comunidad global de colaboradores.","ca","Una font lliure i oberta de dades de mapes que és mantinguda per una comunitat global de col·laboradors."
"La visualización de los mapas y rutas en esta aplicación se realiza mediante","es","La visualización de los mapas y rutas en esta aplicación se realiza mediante"
"La visualización de los mapas y rutas en esta aplicación se realiza mediante","en","The visualization of maps and routes in this app is done using"
"La visualización de los mapas y rutas en esta aplicación se realiza mediante","ca","La visualització dels mapes i rutes en aquesta aplicació es realitza mitjançant"
"una biblioteca JavaScript de código abierto que ofrece funcionalidades de mapas interactivas y altamente personalizables.","es","Una biblioteca JavaScript de código abierto que ofrece funcionalidades de mapas interactivas y altamente personalizables."
"una biblioteca JavaScript de código abierto que ofrece funcionalidades de mapas interactivas y altamente personalizables.","en","An open-source JavaScript library that offers interactive and highly customizable mapping functionalities."
"una biblioteca JavaScript de código abierto que ofrece funcionalidades de mapas interactivas y altamente personalizables.","ca","Una biblioteca JavaScript de codi obert que ofereix funcionalitats de mapes interactius i altament personalitzables."
"Agradecimientos a Michael Coyle por su librería BlueToque.SharpGPX para la lectura y escritura de archivos GPX.","es","Agradecimientos a Michael Coyle por su librería BlueToque.SharpGPX para la lectura y escritura de archivos GPX."
"Agradecimientos a Michael Coyle por su librería BlueToque.SharpGPX para la lectura y escritura de archivos GPX.","en","Thanks to Michael Coyle for his library BlueToque.SharpGPX for reading and writing GPX files."
"Agradecimientos a Michael Coyle por su librería BlueToque.SharpGPX para la lectura y escritura de archivos GPX.","ca","Agraïments a Michael Coyle per la seva llibreria BlueToque.SharpGPX per a la lectura i escriptura de fitxers GPX."
"Volver a Inicio","es","Volver a Inicio"
"Volver a Inicio","en","Return to Home"
"Volver a Inicio","ca","Tornar a Inici"
"Lat:","es","Lat:"
"Lat:","en","Lat:"
"Lat:","ca","Lat:"
"Lon:","es","Lon:"
"Lon:","en","Lon:"
"Lon:","ca","Lon:"
"Cargar","es","Cargar"
"Cargar","en","Load"
"Cargar","ca","Carregar"
"Cargar Ruta","es","Cargar Ruta"
"Cargar Ruta","en","Load Route"
"Cargar Ruta","ca","Carregar Ruta"
"Seguir Ruta","es","Seguir Ruta"
"Seguir Ruta","en","Follow Route"
"Seguir Ruta","ca","Seguir Ruta"
"Modo Grabación","es","Modo Grabación"
"Modo Grabación","en","Recording Mode"
"Modo Grabación","ca","Mode Gravació"
"Configuración","es","Configuración"
"Configuración","en","Settings"
"Configuración","ca","Configuració"
"Confirmación","es","Confirmación"
"Confirmación","en","Confirmation"
"Confirmación","ca","Confirmació"
"¿Desea guardar la ruta grabada?","es","¿Desea guardar la ruta grabada?"
"¿Desea guardar la ruta grabada?","en","Do you want to save the recorded route?"
"¿Desea guardar la ruta grabada?","ca","Vols guardar la ruta gravada?"
"Estás aquí...","es","Estás aquí..."
"Estás aquí...","en","You are here..."
"Estás aquí...","ca","Ets aquí..."
"Grabando...","es","Grabando..."
"Grabando...","en","Recording..."
"Grabando...","ca","Gravant..."
"Ruta","es","Ruta"
"Ruta","en","Route"
"Ruta","ca","Ruta"
"Distancia Total","es","Distancia Total"
"Distancia Total","en","Total Distance"
"Distancia Total","ca","Distància Total"
"Elevación Mínima","es","Elevación Mínima"
"Elevación Mínima","en","Minimum Elevation"
"Elevación Mínima","ca","Elevació Mínima"
"Elevación","es","Elevación"
"Elevación","en","Elevation"
"Elevación","ca","Elevació"
"Elevación Máxima","es","Elevación Máxima"
"Elevación Máxima","en","Maximum Elevation"
"Elevación Máxima","ca","Elevació Màxima"
"Desnivel","es","Desnivel"
"Desnivel","en","Elevation Gain"
"Desnivel","ca","Desnivell"
"Tiempo Estimado","es","Tiempo Estimado"
"Tiempo Estimado","en","Estimated Time"
"Tiempo Estimado","ca","Temps Estimat"
"Al mapa","es","Al mapa"
"Al mapa","en","To the Map"
"Al mapa","ca","Al mapa"
"Cerrar","es","Cerrar"
"Cerrar","en","Close"
"Cerrar","ca","Tancar"
"Por favor, espera...","es","Por favor, espera..."
"Por favor, espera...","en","Please wait..."
"Por favor, espera...","ca","Si us plau, espera..."
"Guardar Ruta","es","Guardar Ruta"
"Guardar Ruta","en","Save Route"
"Guardar Ruta","ca","Guardar Ruta"
"Guardar","es","Guardar"
"Guardar","en","Save"
"Guardar","ca","Guardar"
"Idioma del sistema","es","Idioma del sistema"
"Idioma del sistema","en","System Language"
"Idioma del sistema","ca","Idioma del sistema"
"Velocidad máxima (m/s)","es","Velocidad máxima (m/s)"
"Velocidad máxima (m/s)","en","Max Speed (m/s)"
"Velocidad máxima (m/s)","ca","Velocitat màxima (m/s)"
"Refresco posición (s)","es","Refresco posición (s)"
"Refresco posición (s)","en","Position Refresh (s)"
"Refresco posición (s)","ca","Refresc de posició (s)"
"Elementos para el promedio móvil","es","Elementos para el promedio móvil"
"Elementos para el promedio móvil","en","Items for Moving Average"
"Elementos para el promedio móvil","ca","Elements per a la mitjana mòbil"
"Filtro de Kalman","es","Filtro de Kalman"
"Filtro de Kalman","en","Kalman Filter"
"Filtro de Kalman","ca","Filtre de Kalman"
"Filtro de Promedio Móvil","es","Filtro de Promedio Móvil"
"Filtro de Promedio Móvil","en","Moving Average Filter"
"Filtro de Promedio Móvil","ca","Filtre de Mitjana Mòbil"
"Mostrar datos de localización","es","Mostrar datos de localización"
"Mostrar datos de localización","en","Show Localization Data"
"Mostrar datos de localización","ca","Mostrar dades de localització"
"Points:","es","Puntos:"
"Points:","en","Points:"
"Points:","ca","Punts:"
"Filtro de precisión","es","Filtro de precisión"
"Filtro de precisión","en","Accuracy Filter"
"Filtro de precisión","ca","Filtre de precisió"
"Filtro de velocidad","es","Filtro de velocidad"
"Filtro de velocidad","en","Speed Filter"
"Filtro de velocidad","ca","Filtre de velocitat"
"Precisión (m)","es","Precisión (m)"
"Precisión (m)","en","Accuracy (m)"
"Precisión (m)","ca","Precisió (m)"
"Usar geolocalización nativa MAUI","es","Usar geolocalización nativa MAUI"
"Usar geolocalización nativa MAUI","en","Use native MAUI localization"
"Usar geolocalización nativa MAUI","ca","Utilitzar geolocalització nativa MAUI"
"Agradecimientos a Esteban Sequeira por su iconos de banderas","es","Agradecimientos a Esteban Sequeira por sus iconos de banderas"
"Agradecimientos a Esteban Sequeira por su iconos de banderas","en","Thanks to Esteban Sequeira for their flag icons"
"Agradecimientos a Esteban Sequeira por su iconos de banderas","ca","Agraïments a Esteban Sequeira pels seus icones de banderes"
"y de","es","y de"
"y de","en","and"
"y de","ca","i de"
"Invitame a un Café","es","¡Invítame a un Café!"
"Invitame a un Café","en","Buy me a Coffee!"
"Invitame a un Café","ca","Convida'm a un Cafè!"
"Catalan","es","Catalan"
"Catalan","en","Catalan"
"Catalan","ca","Català"
"ThaksForYourSupport","es","Si te gusta esta aplicación y te ha resultado útil, ¡considera invitarme a un café! Tu apoyo me ayuda a seguir desarrollando y mejorando esta herramienta para todos. ¡Gracias por tu generosidad!"
"ThaksForYourSupport","en","If you like this application and have found it useful, please consider buying me a coffee! Your support helps me to continue developing and improving this tool for everyone. Thank you for your generosity!"
"ThaksForYourSupport","ca","Si t'agrada aquesta aplicació i t'ha estat útil, considera convidar-me a un cafè! El teu suport m'ajuda a continuar desenvolupant i millorant aquesta eina per tots. Gràcies per la teva generositat!"
"English","es","Inglés"
"English","en","English"
"English","ca","Anglès"
"Castellano","es","Castellano"
"Castellano","en","Spanish"
"Castellano","ca","Castellà"
"Acerca de","en","About"
"Versión","en","Version"
"Tu compañero de aventuras al aire libre","en","Your outdoor adventure companion"
"Contacto","en","Contact"
"Toca para enviar un correo electrónico","en","Tap to send an email"
"Apoya el Desarrollo","en","Support Development"
"Ko-fi.com - Invítame un café","en","Ko-fi.com - Buy me a coffee"
"Tu apoyo ayuda a mantener y mejorar la aplicación","en","Your support helps maintain and improve the app"
"Idioma","en","Language"
"Selecciona tu idioma preferido","en","Select your preferred language"
"Privacidad","en","Privacy"
"Esta aplicación no recopila tus datos personales. La información se procesa en tu dispositivo para la función propia de la app.","en","This app does not collect your personal data. Information is processed on your device for the app's own purpose."
"Licencia","en","License"
"Esta aplicación es software libre distribuido bajo licencia MIT.","en","This app is free software distributed under the MIT license."
"Aviso Legal","en","Legal Notice"
"Este software se proporciona «tal cual», sin garantías de ningún tipo. El usuario es responsable del uso adecuado de la aplicación y del cumplimiento de las leyes locales.","en","This software is provided 'as is', without warranty of any kind. The user is responsible for proper use of the app and compliance with local laws."
"En ningún caso los autores serán responsables de daños directos, indirectos, incidentales o consecuentes que resulten del uso de este software.","en","In no event shall the authors be liable for any direct, indirect, incidental or consequential damages arising from the use of this software."
"⚠️ Uso bajo su propio riesgo","en","⚠️ Use at your own risk"
"No se pudo abrir el cliente de correo","en","Could not open the email client"
"Obteniendo ubicación...","en","Getting location..."
"Precisión: --","en","Accuracy: --"
"Velocidad: -- km/h","en","Speed: -- km/h"
"Iniciar","en","Start"
"Parar","en","Stop"
"Limpiar","en","Clear"
"Rutas Guardadas","en","Saved Routes"
"Gestión de Rutas","en","Route Management"
"Cargar GPX","en","Load GPX"
"Actualizar","en","Refresh"
"Distancia","en","Distance"
"Distancia","ca","Distància"
"Desnivel positivo","en","Elevation gain"
"Desnivel positivo","ca","Desnivell positiu"
"Desnivel negativo","en","Elevation loss"
"Desnivel negativo","ca","Desnivell negatiu"
"Altitud máxima","en","Max altitude"
"Altitud máxima","ca","Altitud màxima"
"Altitud mínima","en","Min altitude"
"Altitud mínima","ca","Altitud mínima"
"Diferencia de altitud","en","Altitude range"
"Diferencia de altitud","ca","Diferència d'altitud"
"Duración","en","Duration"
"Duración","ca","Durada"
"En movimiento","en","Moving time"
"En movimiento","ca","En moviment"
"Ritmo","en","Pace"
"Ritmo","ca","Ritme"
"Velocidad media","en","Average speed"
"Velocidad media","ca","Velocitat mitjana"
"Velocidad máxima","en","Max speed"
"Velocidad máxima","ca","Velocitat màxima"
"Puntos","en","Points"
"Puntos","ca","Punts"
"Perfil de desnivel","en","Elevation profile"
"Perfil de desnivel","ca","Perfil de desnivell"
"Altitud (m) según la distancia recorrida (km).","en","Altitude (m) along the distance covered (km)."
"Altitud (m) según la distancia recorrida (km).","ca","Altitud (m) segons la distància recorreguda (km)."
"Ver en el mapa","en","Show on map"
"Ver en el mapa","ca","Veure al mapa"
"Esta ruta no lleva altitud.","en","This route has no altitude data."
"Esta ruta no lleva altitud.","ca","Aquesta ruta no porta altitud."
"Actualización disponible","es","Actualización disponible"
"Actualización disponible","en","Update available"
"Ahora no","es","Ahora no"
"Ahora no","en","Not now"
"Ajustando la ruta…","es","Ajustando la ruta…"
"Ajustando la ruta…","en","Adjusting the route…"
"Ajustar la ruta","es","Ajustar la ruta"
"Ajustar la ruta","en","Adjust the route"
"Aviso","es","Aviso"
"Aviso","en","Notice"
"Borrar","es","Borrar"
"Borrar","en","Clear"
"Cancelar","es","Cancelar"
"Cancelar","en","Cancel"
"Comienza a grabar tu recorrido registrando los puntos GPS.","es","Comienza a grabar tu recorrido registrando los puntos GPS."
"Comienza a grabar tu recorrido registrando los puntos GPS.","en","Starts recording your track, logging the GPS points."
"Confirmar","es","Confirmar"
"Confirmar","en","Confirm"
"Consultando los caminos del mapa","es","Consultando los caminos del mapa"
"Consultando los caminos del mapa","en","Checking the paths on the map"
"Descartar","es","Descartar"
"Descartar","en","Discard"
"Detiene la grabación del recorrido en curso.","es","Detiene la grabación del recorrido en curso."
"Detiene la grabación del recorrido en curso.","en","Stops recording the current track."
"Distancia: {0:F2} km","es","Distancia: {0:F2} km"
"Distancia: {0:F2} km","en","Distance: {0:F2} km"
"El archivo GPX no contiene puntos.","es","El archivo GPX no contiene puntos."
"El archivo GPX no contiene puntos.","en","The GPX file contains no points."
"El servicio de rutas no está disponible.","es","El servicio de rutas no está disponible."
"El servicio de rutas no está disponible.","en","The route service is not available."
"Elimina del mapa el recorrido actual sin guardarlo.","es","Elimina del mapa el recorrido actual sin guardarlo."
"Elimina del mapa el recorrido actual sin guardarlo.","en","Removes the current track from the map without saving it."
"En la ruta: a {0} del trazado","es","En la ruta: a {0} del trazado"
"En la ruta: a {0} del trazado","en","On the route: {0} from the track"
"En rojo: ruta ajustada","es","En rojo: ruta ajustada"
"En rojo: ruta ajustada","en","In red: adjusted route"
"En rojo: ruta grabada","es","En rojo: ruta grabada"
"En rojo: ruta grabada","en","In red: recorded route"
"Entendido","es","Entendido"
"Entendido","en","Got it"
"Error","es","Error"
"Error","en","Error"
"Error al guardar la ruta: {0}","es","Error al guardar la ruta: {0}"
"Error al guardar la ruta: {0}","en","Error saving the route: {0}"
"Error al iniciar el GPS: {0}","es","Error al iniciar el GPS: {0}"
"Error al iniciar el GPS: {0}","en","Error starting the GPS: {0}"
"Error cargando el GPX: {0}","es","Error cargando el GPX: {0}"
"Error cargando el GPX: {0}","en","Error loading the GPX: {0}"
"Error cargando la ruta: {0}","es","Error cargando la ruta: {0}"
"Error cargando la ruta: {0}","en","Error loading the route: {0}"
"Error cargando las rutas: {0}","es","Error cargando las rutas: {0}"
"Error cargando las rutas: {0}","en","Error loading the routes: {0}"
"Error eliminando la ruta: {0}","es","Error eliminando la ruta: {0}"
"Error eliminando la ruta: {0}","en","Error deleting the route: {0}"
"Fecha: {0:dd/MM/yyyy}","es","Fecha: {0:dd/MM/yyyy}"
"Fecha: {0:dd/MM/yyyy}","en","Date: {0:dd/MM/yyyy}"
"GPS Tracker","es","GPS Tracker"
"GPS Tracker","en","GPS Tracker"
"Grabación interrumpida","es","Grabación interrumpida"
"Grabación interrumpida","en","Recording interrupted"
"Grabando la ruta","es","Grabando la ruta"
"Grabando la ruta","en","Recording the route"
"Grabar","es","Grabar"
"Grabar","en","Record"
"Guarda el recorrido grabado como una ruta con nombre.","es","Guarda el recorrido grabado como una ruta con nombre."
"Guarda el recorrido grabado como una ruta con nombre.","en","Saves the recorded track as a named route."
"Guardar ruta","es","Guardar ruta"
"Guardar ruta","en","Save route"
"Hay una versión más reciente ({0}). Tienes la {1}. ¿Quieres actualizar?","es","Hay una versión más reciente ({0}). Tienes la {1}. ¿Quieres actualizar?"
"Hay una versión más reciente ({0}). Tienes la {1}. ¿Quieres actualizar?","en","A newer version is available ({0}). You have {1}. Do you want to update?"
"Hecho","es","Hecho"
"Hecho","en","Done"
"La ruta ya encajaba con el mapa: no ha hecho falta cambiar nada.","es","La ruta ya encajaba con el mapa: no ha hecho falta cambiar nada."
"La ruta ya encajaba con el mapa: no ha hecho falta cambiar nada.","en","The route already matched the map: nothing needed to change."
"Longitud total: {0}","es","Longitud total: {0}"
"Longitud total: {0}","en","Total length: {0}"
"Mantiene el mapa centrado automáticamente en tu ubicación en vivo.","es","Mantiene el mapa centrado automáticamente en tu ubicación en vivo."
"Mantiene el mapa centrado automáticamente en tu ubicación en vivo.","en","Keeps the map automatically centered on your live location."
"Mapa","es","Mapa"
"Mapa","en","Map"
"Muestra el mapa a pantalla completa sin iniciar ninguna grabación.","es","Muestra el mapa a pantalla completa sin iniciar ninguna grabación."
"Muestra el mapa a pantalla completa sin iniciar ninguna grabación.","en","Shows the map full screen without starting a recording."
"No hay datos de ruta para guardar","es","No hay datos de ruta para guardar"
"No hay datos de ruta para guardar","en","There is no route data to save"
"No se ha podido consultar el mapa. La ruta se guarda tal y como se grabó.","es","No se ha podido consultar el mapa. La ruta se guarda tal y como se grabó."
"No se ha podido consultar el mapa. La ruta se guarda tal y como se grabó.","en","The map could not be checked. The route is saved as it was recorded."
"No se pudo acceder al servicio de rutas. Cierra y vuelve a abrir la aplicación.","es","No se pudo acceder al servicio de rutas. Cierra y vuelve a abrir la aplicación."
"No se pudo acceder al servicio de rutas. Cierra y vuelve a abrir la aplicación.","en","The route service could not be reached. Close and reopen the app."
"No se pudo iniciar el GPS","es","No se pudo iniciar el GPS"
"No se pudo iniciar el GPS","en","The GPS could not be started"
"No se pudo obtener la ubicación: {0}","es","No se pudo obtener la ubicación: {0}"
"No se pudo obtener la ubicación: {0}","en","The location could not be obtained: {0}"
"Nombre de la ruta:","es","Nombre de la ruta:"
"Nombre de la ruta:","en","Route name:"
"Para mejorar el posicionamiento y el rendimiento de Hiker, permite que la aplicación funcione sin restricciones de batería. ¿Deseas modificar esta configuración ahora?","es","Para mejorar el posicionamiento y el rendimiento de Hiker, permite que la aplicación funcione sin restricciones de batería. ¿Deseas modificar esta configuración ahora?"
"Para mejorar el posicionamiento y el rendimiento de Hiker, permite que la aplicación funcione sin restricciones de batería. ¿Deseas modificar esta configuración ahora?","en","To improve positioning and performance, allow Hiker to run without battery restrictions. Do you want to change this setting now?"
"Para que Hiker funcione correctamente en segundo plano, permite la ejecución sin restricciones. ¿Deseas modificar esta configuración ahora?","es","Para que Hiker funcione correctamente en segundo plano, permite la ejecución sin restricciones. ¿Deseas modificar esta configuración ahora?"
"Para que Hiker funcione correctamente en segundo plano, permite la ejecución sin restricciones. ¿Deseas modificar esta configuración ahora?","en","For Hiker to work properly in the background, allow unrestricted execution. Do you want to change this setting now?"
"Quedan {0}","es","Quedan {0}"
"Quedan {0}","en","{0} to go"
"Quedó una grabación sin guardar con {0} puntos. ¿La recuperas?","es","Quedó una grabación sin guardar con {0} puntos. ¿La recuperas?"
"Quedó una grabación sin guardar con {0} puntos. ¿La recuperas?","en","An unsaved recording with {0} points was left behind. Do you want to recover it?"
"Recuperar","es","Recuperar"
"Recuperar","en","Recover"
"Rota el mapa para que la dirección hacia la que miras apunte hacia arriba.","es","Rota el mapa para que la dirección hacia la que miras apunte hacia arriba."
"Rota el mapa para que la dirección hacia la que miras apunte hacia arriba.","en","Rotates the map so the direction you are facing points up."
"Rumbo","es","Rumbo"
"Rumbo","en","Heading"
"Rumbo: No","es","Rumbo: No"
"Rumbo: No","en","Heading: Off"
"Rumbo: Sí","es","Rumbo: Sí"
"Rumbo: Sí","en","Heading: On"
"Ruta grabada","es","Ruta grabada"
"Ruta grabada","en","Route recorded"
"Ruta «{0}» guardada.","es","Ruta «{0}» guardada."
"Ruta «{0}» guardada.","en","Route “{0}” saved."
"Ruta «{0}» importada.","es","Ruta «{0}» importada."
"Ruta «{0}» importada.","en","Route “{0}” imported."
"Rutas","es","Rutas"
"Rutas","en","Routes"
"Se han grabado {0} puntos ({1:0.00} km). ¿Quieres guardarla?","es","Se han grabado {0} puntos ({1:0.00} km). ¿Quieres guardarla?"
"Se han grabado {0} puntos ({1:0.00} km). ¿Quieres guardarla?","en","{0} points recorded ({1:0.00} km). Do you want to save it?"
"Seguir","es","Seguir"
"Seguir","en","Follow"
"Seguir: No","es","Seguir: No"
"Seguir: No","en","Follow: Off"
"Seguir: Sí","es","Seguir: Sí"
"Seguir: Sí","en","Follow: On"
"Seleccionar archivo GPX","es","Seleccionar archivo GPX"
"Seleccionar archivo GPX","en","Select GPX file"
"Siguiendo la ruta","es","Siguiendo la ruta"
"Siguiendo la ruta","en","Following the route"
"Te has salido: a {0} de la ruta","es","Te has salido: a {0} de la ruta"
"Te has salido: a {0} de la ruta","en","Off route: {0} from the route"
"puntos","es","puntos"
"puntos","en","points"
"{0} puntos pegados a caminos y {1} sacados de edificios, de {2}","es","{0} puntos pegados a caminos y {1} sacados de edificios, de {2}"
"{0} puntos pegados a caminos y {1} sacados de edificios, de {2}","en","{0} points snapped to paths and {1} moved out of buildings, out of {2}"
"{0} puntos, tal y como se grabó","es","{0} puntos, tal y como se grabó"
"{0} puntos, tal y como se grabó","en","{0} points, as recorded"
"¿Eliminar la ruta «{0}»?","es","¿Eliminar la ruta «{0}»?"
"¿Eliminar la ruta «{0}»?","en","Delete the route “{0}”?"
"Acerca de","es","Acerca de"
"Parar","es","Parar"
"UpdateButton","es","Actualizar"
"UpdateButton","en","Update"
"Idioma","es","Idioma"
"Selecciona tu idioma preferido","es","Selecciona tu idioma preferido"
